en-US	start_longitude	start_latitude	end_longitude	end_latitude	first_julian_day	last_julian_day
K'an Chitam	-89.61447	17.21451	-89.61447	17.21451	1873361	1888957
K'an Chitam	-89.61447	17.21451	-89.61447	17.21451	1888957	1888958
K'an Chitam	-89.61447	17.21451	-89.61447	17.21451	1888958	1893088
K'an Chitam	-89.61447	17.21451	-89.61447	17.21451	1893088	1893089
K'an Chitam	-89.61447	17.21451	-89.61447	17.21451	1893089	1898932
K'an Chitam	-89.61447	17.21451	-89.61447	17.21451	1898932	1898933
K'an Chitam	-89.61447	17.21451	-89.61447	17.21451	1898933	1898963