en-US	start_longitude	start_latitude	end_longitude	end_latitude	first_julian_day	last_julian_day
Tutuum Yohl K'inich	-89.040278	15.269444	-89.040278	15.269444	1883958	1891262
Tutuum Yohl K'inich	-89.040278	15.269444	-89.040278	15.269444	1891262	1891263
Tutuum Yohl K'inich	-89.040278	15.269444	-89.040278	15.269444	1891263	1891293