start_longitude	start_latitude	end_longitude	end_latitude	first_julian_day	last_julian_day
133.863833	34.676753	133.863833	34.676753	2002296	2004517
133.863833	34.676753	133.863833	34.676753	2004517	2004518
133.863833	34.676753	133.863833	34.676753	2004518	2005272
133.863833	34.676753	133.863833	34.676753	2005272	2005273
133.863833	34.676753	133.863833	34.676753	2005273	2005303
