ja-JP	en-US	start_longitude	start_latitude	end_longitude	end_latitude	first_julian_day	last_julian_day
獨孤伽羅	Dugu Qieluo	108.889191	34.274342	108.889191	34.274342	1920117	1924864
獨孤伽羅	Dugu Qieluo	108.889191	34.274342	108.889191	34.274342	1924864	1924865
獨孤伽羅	Dugu Qieluo	108.889191	34.274342	108.889191	34.274342	1924865	1933725
獨孤伽羅	Dugu Qieluo	108.889191	34.274342	108.889191	34.274342	1933725	1933726
獨孤伽羅	Dugu Qieluo	108.889191	34.274342	108.889191	34.274342	1933726	1941584
獨孤伽羅	Dugu Qieluo	108.889191	34.274342	108.889191	34.274342	1941584	1941585
獨孤伽羅	Dugu Qieluo	108.889191	34.274342	108.889191	34.274342	1941585	1941391
獨孤伽羅	Dugu Qieluo	108.889191	34.274342	108.889191	34.274342	1941391	1941392
獨孤伽羅	Dugu Qieluo	108.889191	34.274342	108.889191	34.274342	1941392	1941422