ja-JP	en-US	start_longitude	start_latitude	end_longitude	end_latitude	first_julian_day	last_julian_day
三野石守	Mino no Ishimori	130.515144	33.514539	130.515144	33.514539	1986226	1988051
三野石守	Mino no Ishimori	130.515144	33.514539	130.515144	33.514542	1988051	1988052
三野石守	Mino no Ishimori	130.515144	33.514542	130.515144	33.514542	1988052	1988133
三野石守	Mino no Ishimori	130.515144	33.514542	134.285556	34.513611	1988133	1988143
三野石守	Mino no Ishimori	134.285556	34.513611	134.285556	34.513611	1988143	1988138
三野石守	Mino no Ishimori	134.285556	34.513611	135.807222	34.501944	1988138	1988143
三野石守	Mino no Ishimori	135.807222	34.501944	135.807222	34.501944	1988143	1988173
