en-US	start_longitude	start_latitude	end_longitude	end_latitude	first_julian_day	last_julian_day
Te' K'ab Chaak	-89.1175	16.763888	-89.1175	16.763888	1833189	1842319
Te' K'ab Chaak	-89.1175	16.763888	-89.1175	16.763888	1842319	1842320
Te' K'ab Chaak	-89.1175	16.763888	-89.1175	16.763888	1842320	1848894
Te' K'ab Chaak	-89.1175	16.763888	-89.1175	16.763888	1848894	1848895
Te' K'ab Chaak	-89.1175	16.763888	-89.1175	16.763888	1848895	1848925