en-US	start_longitude	start_latitude	end_longitude	end_latitude	first_julian_day	last_julian_day
Unen Bahlam	-89.622778	17.221944	-89.622778	17.221944	1833554	1840858
Unen Bahlam	-89.622778	17.221944	-89.622778	17.221944	1840858	1840859
Unen Bahlam	-89.622778	17.221944	-89.622778	17.221944	1840859	1840889