en-US	start_longitude	start_latitude	end_longitude	end_latitude	first_julian_day	last_julian_day
Ahkal Mo' Nahb I	-92.046389	17.484167	-92.046389	17.484167	1897472	1904410
Ahkal Mo' Nahb I	-92.046389	17.484167	-92.046389	17.484167	1904410	1904411
Ahkal Mo' Nahb I	-92.046389	17.484167	-92.046389	17.484167	1904411	1912811
Ahkal Mo' Nahb I	-92.046389	17.484167	-92.046389	17.484167	1912811	1912812
Ahkal Mo' Nahb I	-92.046389	17.484167	-92.046389	17.484167	1912812	1912842