en-US	start_longitude	start_latitude	end_longitude	end_latitude	first_julian_day	last_julian_day
Lady of Tikal	-89.622778	17.221944	-89.622778	17.221944	1905782	1908204
Lady of Tikal	-89.622778	17.221944	-89.622778	17.221944	1908204	1908205
Lady of Tikal	-89.622778	17.221944	-89.622778	17.221944	1908205	1913907
Lady of Tikal	-89.622778	17.221944	-89.622778	17.221944	1913907	1913908
Lady of Tikal	-89.622778	17.221944	-89.622778	17.221944	1913908	1913938