en-US	start_longitude	start_latitude	end_longitude	end_latitude	first_julian_day	last_julian_day
Yajaw Te' K'inich II	-89.117813	16.763082	-89.117813	16.763082	1914273	1923543
Yajaw Te' K'inich II	-89.117813	16.763082	-89.117813	16.763082	1923543	1923544
Yajaw Te' K'inich II	-89.117813	16.763082	-89.117813	16.763082	1923544	1934360
Yajaw Te' K'inich II	-89.117813	16.763082	-89.117813	16.763082	1934360	1934361
Yajaw Te' K'inich II	-89.117813	16.763082	-89.117813	16.763082	1934361	1938013
Yajaw Te' K'inich II	-89.117813	16.763082	-89.117813	16.763082	1938013	1938014
Yajaw Te' K'inich II	-89.117813	16.763082	-89.117813	16.763082	1938014	1938044